trait,Chr,Position,LOD,CI_left,CI_right,P_mean,P_sem,H_mean,H_sem
TW,17,92507246,4.61049204614676,85911575,94562099,124.08695652173913,4.225049076347224,96.23214285714286,3.936425884947015
TW,18,51980014,5.117038347005234,5526503,74819499,122.21818181818182,4.040176256205415,93.08510638297872,3.9821328276227494
SC,18,56710988,7.081634488564916,39854832,73498625,15.846280701754393,1.7927013258503939,4.622199999999997,0.935319887805904
SC,19,10498644,3.7819688950971937,3490564,57031225,14.002952380952381,1.5867042997299954,5.873102564102572,1.5870154785879813
Infertility (cat.),18,66956341,3.3095693078614694,3464389,80031793,0.05357142857142857,0.03036191711884685,0.34782608695652173,0.07099970268936748
